9.4608391065307882e-07,1.5177769349448736e-06,2.4348043547400843e-06,3.9055824871114763e-06,6.2640336869038588e-06,1.0044745032819949e-05,1.6102495883265486e-05,2.5801364314720433e-05,4.131141757393715e-05,6.6067827883019899e-05,0.00010546507721819219,0.00016786493281626449,0.00026595230597462982,0.00041827640049845718,0.00065023010232909974,0.00099228541956773047,0.0014703942419843304,0.0020793489289629408,0.0027300499777518309,0.0031862750760996159,0.0030875963648829227,0.0022342316532867998,0.0010266075785174864,0.00023491153682763288,1.8642147686134273e-05,2.9316993876109088e-07,3.6096740225936975e-10,6.9586074304293085e-15,0,0,0,0,0,0,0,0,0,0,0,0
9.4600231553700106e-07,1.5175930049847973e-06,2.4343897657498736e-06,3.9046480555939761e-06,6.2619278630879407e-06,1.0040000310678541e-05,1.6091808640914926e-05,2.5777303459790063e-05,4.1257288843603795e-05,6.5946201467547162e-05,0.0001051922964599266,0.00016725495504242783,0.0002645946767344971,0.00041527704294329359,0.0006436811938398127,0.00097825067496263738,0.0014411952309784835,0.0020213942799280969,0.0026233015077731267,0.0030116008571471858,0.0028504951469909999,0.0019942008917206888,0.00087257629394872378,0.00018580812172998951,1.3231843904076126e-05,1.7560028392411504e-07,1.6225607131098186e-10,1.7479783401087582e-15,0,0,0,0,0,0,0,0,0,0,0,0
9.4591885258852888e-07,1.5174048711919125e-06,2.4339657219595117e-06,3.9036923802920793e-06,6.2597743739861808e-06,1.0035148854931729e-05,1.6080883085190502e-05,2.575271271336395e-05,4.1201989019672604e-05,6.582200985980867e-05,0.00010491397124935884,0.00016663323463323877,0.00026321296136545851,0.00041223083180575402,0.00063704947894842009,0.00096409711841642046,0.0014119202412425987,0.0019637653732165129,0.0025183830097643216,0.0028427381323923783,0.0026266263271459483,0.0017751099181904163,0.00073871213181213812,0.0001461032315653309,9.3072009177519326e-06,1.0365685372718269e-07,7.1051076083048239e-11,4.1244644688880194e-16,0,0,0,0,0,0,0,0,0,0,0,0
9.4583362502283454e-07,1.5172127666633693e-06,2.4335327501492384e-06,3.9027166528184877e-06,6.2575759186334969e-06,1.0030196789880778e-05,1.6069733146097147e-05,2.5727623861803678e-05,4.1145590939290807e-05,6.5695420854904271e-05,0.00010463049064977006,0.00016600068036465963,0.0002618092983243296,0.00040914282712751284,0.00063034693317097425,0.00094985277389987805,0.001382632704029029,0.001906595508352758,0.002415534247909956,0.0026799862894980597,0.0024160084794192902,0.0015760134241045035,0.00062303118833038614,0.000114240355399183,6.4905477592012983e-06,6.0341328162252162e-08,3.0336159534441744e-11,9.1408791118028093e-17,0,0,0,0,0,0,0,0,0,0,0,0
9.457467333751868e-07,1.5170169184318572e-06,2.4330913633550425e-06,3.9017220335708206e-06,6.2553351249630239e-06,1.0025150077211466e-05,1.6058372379630879e-05,2.5702067824608054e-05,4.1088165409229137e-05,6.5566597424799507e-05,0.0001043422320518695,0.00016535817208033593,0.00026038575221102011,0.0004060178938696557,0.00062358499795529517,0.00093554415630501186,0.0013533917099000745,0.0018500056230803252,0.0023149617551939628,0.002523566829758535,0.0022185221567774982,0.0013958355387232637,0.00052359471298405499,8.8852924740817689e-05,4.4894667401236228e-06,3.466201121366108e-08,1.2640594762261211e-11,1.9028660313700393e-17,0,0,0,0,0,0,0,0,0,0,0,0
9.456582747938838e-07,1.5168175458713867e-06,2.4326420572740734e-06,3.9007096436263361e-06,6.2530545315291972e-06,1.0020014474779877e-05,1.6046813874843528e-05,2.567607444487782e-05,4.1029780733626501e-05,6.543569665483347e-05,0.00010404955878316265,0.00016470655533770318,0.00025894430187032907,0.00040286067589145554,0.00061677452569829604,0.00092119616409898873,0.0013242518397868698,0.0017941042180033469,0.0022168398168724598,0.0023736291249524784,0.0020339295463991619,0.0012334110348537562,0.00043854826658766457,6.8760839854090352e-05,3.081367497660828e-06,1.9660324840946231e-08,5.1451253068062311e-12,3.7211129791856801e-18,0,0,0,0,0,0,0,0,0,0,0,0
9.4556834252368769e-07,1.5166148595329474e-06,2.4321853076404255e-06,3.8996805588282281e-06,6.250736574183951e-06,1.0014795506603234e-05,1.6035070186289138e-05,2.5649672337377593e-05,4.0970502372751542e-05,6.53028689792117e-05,0.00010375281840250201,0.00016404663763287811,0.0002574868321561313,0.00039967557849169888,0.00060992574494059368,0.00090683201976163275,0.0012952631085946511,0.001738987537483364,0.0021213119778892204,0.002230256942449669,0.0018618940390706545,0.0010875219946383562,0.00036615000804275058,5.2960095780394501e-05,2.099456608946526e-06,1.1017856291618563e-08,2.047640115236927e-12,6.836818205306875e-19,0,0,0,0,0,0,0,0,0,0,0,0
9.4547702555415233e-07,1.5164090603522139e-06,2.4317215684406628e-06,3.898635805768139e-06,6.2483835770374213e-06,1.0009498442540077e-05,1.6023153288408268e-05,2.5622888786347125e-05,4.0910392714823537e-05,6.5168257674160827e-05,0.00010345234158400456,0.00016337918597989379,0.00025601512882511015,0.00039646675822539111,0.00060304824256092156,0.00089247324996002389,0.0012664710004305505,0.001684739951316351,0.002028492928255602,0.0020934753832656111,0.0017019990394263062,0.00095692939791328362,0.00030478927136769608,4.0607926970462594e-05,1.4205560717698562e-06,6.1043284997009644e-09,7.9753048441669983e-13,1.1804453951997408e-19,0,0,0,0,0,0,0,0,0,0,0,0
9.4538440840686154e-07,1.5162003391706518e-06,2.4312512708366229e-06,3.8975763593655041e-06,6.2459977470258798e-06,1.0004128286125217e-05,1.6011074548366777e-05,2.5595749685133499e-05,4.0849510942781243e-05,6.5031998567168713e-05,0.00010314844149425528,0.00016270492562025699,0.00025453087603156266,0.00039323811873023687,0.00059615095988241166,0.00087813969776194729,0.0012379165758485838,0.0016314344866492523,0.0019384706385522496,0.001963257940779495,0.0015537655315918724,0.00084039948084907716,0.00025299686757226816,3.10054947838563e-05,9.5491476945500202e-07,3.3455679873413294e-09,3.0428419797240977e-13,1.9158412982554751e-20,0,0,0,0,0,0,0,0,0,0,0,0
9.4529057103673611e-07,1.5159888765139498e-06,2.4307748226688748e-06,3.896503141757589e-06,6.2435811714396645e-06,9.998689769093815e-06,1.5998844714024167e-05,2.5568279510083464e-05,4.0787912978750937e-05,6.4894219922784023e-05,0.00010284141357168092,0.00016202453965111571,0.00025303565592621913,0.00038999331138038707,0.0005892421998318206,0.00086384955985027722,0.0012096366335004125,0.0015791334658643191,0.0018513086378148824,0.0018395334502465269,0.0014166680814953606,0.00073672500511450271,0.0002094486401806507,2.357970356181224e-05,6.3794760282870469e-07,1.8148491180729668e-09,1.1382700635498544e-13,2.9236018105892827e-21,0,0,0,0,0,0,0,0,0,0,0,0
9.4519558882464783e-07,1.5157748425764158e-06,2.4302926084248503e-06,3.895417022238196e-06,6.2411358178186506e-06,9.9931873512533474e-06,1.5986473913990332e-05,2.5540501321785574e-05,4.0725651490464197e-05,6.47550424689368e-05,0.00010253153562518492,0.00016133866937993496,0.00025153094990984954,0.00038673573970465194,0.0005823296426021782,0.00084961944253122317,0.0011816639109072922,0.0015278892129356983,0.001767048346200259,0.001722192756993946,0.0012901490972097962,0.00064474178298555215,0.00017296376581605141,1.786530584251565e-05,4.2371262668292272e-07,9.7496125654490891e-10,4.1786027735851933e-14,4.1961723518165884e-22,0,0,0,0,0,0,0,0,0,0,0,0
9.45099532641177e-07,1.5155583973658176e-06,2.4298049895689006e-06,3.8943188180129507e-06,6.2386635356905949e-06,9.9876252245161682e-06,1.5973971667080043e-05,2.55124367875517e-05,4.066277594571208e-05,6.4614579531983249e-05,0.00010221906817902184,0.00016064791523691087,0.00025001814114837588,0.00038346856664338709,0.00057542036761387618,0.0008354644312240253,0.0011540273114761571,0.0014777447974588561,0.0016857113937014945,0.0016110949819656941,0.0011736312807140337,0.00056334093302894551,0.00014249916644733869,1.3488080814852198e-05,2.7987743507893304e-07,5.1896401628784663e-10,1.506647770324879e-14,5.6663112173237095e-23,0,0,0,0,0,0,0,0,0,0,0,0
9.4500246896413007e-07,1.5153396909694583e-06,2.4293123051457517e-06,3.8932092955711914e-06,6.2361660597003907e-06,9.9820073200701061e-06,1.596134689884855e-05,2.5484106219880675e-05,4.0599332702874557e-05,6.4472937253171302e-05,0.00010190425500131209,0.00015995283810078201,0.00024849851801425935,0.00038019472385868983,0.00056852087991672671,0.00082139816900353392,0.0011267521471997742,0.0014287347917896819,0.0016073018730394073,0.0015060733060705471,0.0010665282896613461,0.00049147740830355257,0.00011714122507320363,1.0149559444487998e-05,1.8391230116923172e-07,2.7384588836261731e-10,5.3401066171739371e-15,7.2010536158694137e-24,0,0,0,0,0,0,0,0,0,0,0,0
9.4490446003518133e-07,1.5151188639084528e-06,2.4288148725828058e-06,3.8920891725061586e-06,6.2336450137498813e-06,9.9763373178269018e-06,1.5948607963260421e-05,2.5455528626485504e-05,4.0535365127480663e-05,6.4330214863624372e-05,0.00010158732376377457,0.00015925396091744087,0.00024697327817501194,0.00037691692244710306,0.00056163713950483317,0.00080743294059236427,0.0010998603886021544,0.0013808860222916611,0.001531808489349627,0.0014069402295194074,0.00096825368902059706,0.00042817535886892691,9.6095800872361139e-05,7.6135288281317229e-06,1.2026209406622156e-07,1.4331755935599646e-10,1.8620661246744401e-15,8.6153828689024049e-25,0,0,0,0,0,0,0,0,0,0,0,0
9.4480556404357582e-07,1.5148960475529872e-06,2.4283129886298535e-06,3.8909591196447244e-06,6.2311019158347779e-06,9.970618657439733e-06,1.5935762667887458e-05,2.5426721768247756e-05,4.0470913726539652e-05,6.4186504999033745e-05,0.00010126848678969417,0.0001585517705127062,0.0002454435331013096,0.00037363766452712057,0.0005547745923148061,0.00079357975893906349,0.0010733709153612071,0.0013342183004828743,0.0014592065813497717,0.0013134922895306313,0.0008782283134690065,0.00037253087606040514,7.8677344027696067e-05,5.6943727339052268e-06,7.8278597631225128e-08,7.4423664338026345e-11,6.3926778605170486e-16,9.7065673411987875e-26,0,0,0,0,0,0,0,0,0,0,0,0
9.4470583532713251e-07,1.5146713645765469e-06,2.4278069303865217e-06,3.889819763374548e-06,6.2285381833254435e-06,9.964854550317422e-06,1.592281830134047e-05,2.5397702222165108e-05,4.0406016293984681e-05,6.4041894038914684e-05,0.00010094794185558138,0.00015784671952019332,0.00024391031281304444,0.00037035925528257271,0.00054793820193991139,0.00077984845216120418,0.0010472997626420595,0.0012887451238901262,0.0013894599984274375,0.0012255142402906815,0.00079588618601949331,0.00032371262886327464,6.429772814510931e-05,4.2471858482185219e-06,5.07303167973784e-08,3.8364079936489939e-11,2.1623922223967048e-16,1.030129443147812e-26,0,0,0,0,0,0,0,0,0,0,0,0
9.4460532458281178e-07,1.5144449294316633e-06,2.4272969563780812e-06,3.8886716880797621e-06,6.225955138490786e-06,9.9590479921817253e-06,1.5909781661909207e-05,2.5368485446969832e-05,4.0340708061964838e-05,6.3896462458470904e-05,0.00010062587301931021,0.00015713922836218378,0.00024237457072126233,0.00036708381513651469,0.0005411324813166384,0.00076624774917616258,0.0010216603595115225,0.0012444743396985811,0.0013225228257641576,0.0011427827138758226,0.0007206791502131027,0.00028096085197739566,5.2455257207957554e-05,3.1595250709242223e-06,3.2742316593277663e-08,1.963875259648508e-11,7.2120232685210251e-17,1.0300686733732453e-27,0,0,0,0,0,0,0,0,0,0,0,0
9.4450407908083288e-07,1.5142168488335998e-06,2.4267833076489809e-06,3.8875154386160851e-06,6.2233540141092933e-06,9.9532017758154192e-06,1.5896659086614351e-05,2.533908584961749e-05,4.027502185390765e-05,6.3750285183821631e-05,0.0001003024514537423,0.00015642968723576331,0.00024083718845738673,0.00036381329180888776,0.0005343615238272676,0.00075278536279270035,0.00099646375689626111,0.0012014087669049245,0.0012583409554786,0.0010650693909778188,0.00065208037554315471,0.00024358508783954615,4.2724167746295552e-05,2.3446214595972823e-06,2.1050815565674283e-08,9.9871525536773705e-12,2.3732504770797756e-17,9.7071296264927296e-29,0,0,0,0,0,0,0,0,0,0,0,0
9.4440214287775923e-07,1.5139872222416596e-06,2.4262662088508363e-06,3.886351522772831e-06,6.2207359590486325e-06,9.9473185037335631e-06,1.5883456480067013e-05,2.5309516851279939e-05,4.020898823626404e-05,6.3603431943604481e-05,9.9977836270020377e-05,0.00015571845806842713,0.00023929898060881874,0.000360549472076073,0.00052762903341534726,0.00073946806940220833,0.00097171884342132334,0.0011595467747268231,0.0011968535061207888,0.00099214371667710483,0.0005895868913465658,0.00021096102607052247,3.474483573693928e-05,1.7358614481435074e-06,1.3484667818231098e-08,5.0473319388365845e-12,7.7103233682639079e-18,8.6229294689841893e-30,0,0,0,0,0,0,0,0,0,0,0,0
9.4429955702515771e-07,1.5137561423304565e-06,2.4257458693075989e-06,3.8851804136828683e-06,6.2181020437260018e-06,9.9414006005797507e-06,1.5870179342688763e-05,2.5279790951833787e-05,4.0142635666658684e-05,6.3455967611816485e-05,9.9652175318948555e-05,0.00015500587641708956,0.00023776069930254637,0.00035729399310301026,0.0005209383534344605,0.00072630178470010714,0.00094743254815171304,0.0011188828165801439,0.0011379940959521998,0.00092377520000924923,0.00053272129542884827,0.00018252672703142158,2.8214810136276366e-05,1.2823477181465173e-06,8.6081839935705426e-09,2.5358236054228297e-12,2.4746236415456504e-18,7.2215885211538518e-31,0,0,0,0,0,0,0,0,0,0,0,0
9.4419635977139642e-07,1.5135236954456487e-06,2.4252224840455114e-06,3.8840025521525993e-06,6.2154532653862337e-06,9.9354503251054328e-06,1.5856832797972156e-05,2.5249919792123636e-05,4.0075990636823784e-05,6.3307952538247289e-05,9.9325605962284177e-05,0.00015429225329225755,0.00023622303859644294,0.00035404835326045017,0.00051429249404842225,0.00071329163509634846,0.00092361002978729779,0.0010794079200925069,0.0010816919775520743,0.00085973533739001169,0.000481032771931415,0.00015777846361788759,2.2880728250123269e-05,9.4536228502512858e-07,5.4772850390013325e-09,1.2669197749666231e-12,7.8506369134252007e-19,5.7027331772333412e-32,0,0,0,0,0,0,0,0,0,0,0,0
9.4409258675489915e-07,1.513289962040363e-06,2.4246962347793355e-06,3.8828183488927621e-06,6.2127905531544641e-06,9.92946978163504e-06,1.5843421618563241e-05,2.5219914213508902e-05,4.0009077809215081e-05,6.3159442864043123e-05,9.8998255808469354e-05,0.00015357787689531668,0.00023468663865216938,0.00035081392237277441,0.00050769415807715103,0.00070044202464960659,0.00090025485225827943,0.0010411101344536882,0.0010278730426139721,0.000799799199692539,0.00043409753972933858,0.00013626636832480177,1.8531119257762227e-05,6.9557228995825422e-07,3.4743929447901499e-09,6.2962184121734033e-13,2.4631932813131803e-19,4.2466533798637298e-33,0,0,0,0,0,0,0,0,0,0,0,0
9.4398827118778329e-07,1.5130550170898786e-06,2.4241672908493993e-06,3.8816281866377868e-06,6.2101147728357283e-06,9.9234609309548944e-06,1.5829950251026714e-05,2.5189784314383031e-05,3.9941920146616496e-05,6.3010490820866814e-05,9.8670243409441273e-05,0.00015286301426170037,0.0002331520896746415,0.00034759195136718323,0.00050114576524066385,0.00068775669749208241,0.00087736914695941374,0.0010039749369767481,0.00097646070652063135,0.00074374672138350273,0.00039151883893592907,0.00011759003149862285,1.4990067961753543e-05,5.1083935367904881e-07,2.1974785928279075e-09,3.1133717878095574e-13,7.6474424398608374e-20,2.9822649134402102e-34,0,0,0,0,0,0,0,0,0,0,0,0
9.4388344402926716e-07,1.5128189304831916e-06,2.4236358101063497e-06,3.8804324221467233e-06,6.2074267314458863e-06,9.9174256005909332e-06,1.5816422839216063e-05,2.5159539503492652e-05,3.9874539034355059e-05,6.2861145012833887e-05,9.8341678916783333e-05,0.00015214791280640858,0.00023161993561144861,0.0003443835813142691,0.00049464947479726292,0.00067523879580920292,0.00085495376206757168,0.00096798560111502341,0.00092737668255980343,0.00069136372799766157,0.0003529265495707074,0.00010139416158994958,1.2111688253884501e-05,3.7451394424085837e-07,1.3860222642700834e-09,1.5321996003074837e-13,2.3505657982990011e-20,1.9750733870942011e-35,0,0,0,0,0,0,0,0,0,0,0,0
9.4377813414858742e-07,1.5125817673908809e-06,2.4231019397423139e-06,3.8792313880828449e-06,6.2047271814673872e-06,9.9113654944610503e-06,1.5802843246217534e-05,2.5129188549990006e-05,3.9806954394986406e-05,6.2711450680944729e-05,9.8012664696705916e-05,0.00015143280177112498,0.00023009067761192264,0.00034118985186425279,0.00048820720660390119,0.00066289091350797843,0.00083300839952723084,0.0009331235283963036,0.00088054165559023508,0.00064244273565014054,0.00031797652357636963,8.7364388833822534e-05,9.7753422239038805e-06,2.7411567284267437e-07,8.7192469905025136e-10,7.5065195679085852e-14,7.1559951627898537e-21,1.2334973779361276e-36,0,0,0,0,0,0,0,0,0,0,0,0
