5.2932331598275315e-05,7.4295570040579904e-05,0.00010423528458441501,0.00014615038663159594,0.00020474409419103394,0.00028648324345985246,0.00040017931229407045,0.00055768279864814186,0.00077463146458498183,0.0010710881469584974,0.0014717118130331184,0.0020047943911515225,0.002699076639471791,0.0035768836722034204,0.0046422639917895669,0.0058643836825169231,0.0071604157690714678,0.0083881328795889359,0.0093620319324462138,0.0099000917345151585,0.0098878888373710814,0.0093261009087043743,0.008330365940372543,0.0070835557514361495,0.0057715742634006162,0.0045366502998763734,0.0034613406633288561,0.0025760762296471208,0.0018763817475891268,0.0013395501666631587,0.00093653820291515202,0.00063884367611988322,0.00042169150975080431,0.00026499474666496684,0.00015318038483790904,7.4546910122961005e-05,2.0505396850800862e-05,0,0,0
5.2932077112728455e-05,7.4295068140779795e-05,0.00010423429516411345,0.00014614843733502624,0.00020474025710862331,0.00028647569947813542,0.00040016450527943385,0.00055765380443510498,0.00077457487584277254,0.0010709782032384768,0.0014714995484387794,0.0020043881039353588,0.0026983080656018169,0.0035754525383633251,0.0046396541905523343,0.0058597513673027514,0.0071524687102742495,0.0083750525713252224,0.0093415204951743987,0.0098696182046086062,0.0098451303244631479,0.0092694478250112816,0.0082592857905491104,0.0069986699385138126,0.0056744580899631865,0.0044294921554018625,0.0033466159164685302,0.0024563315858963288,0.0017541542656076576,0.0012174017041713351,0.00081717273601391303,0.00052527672599076434,0.00031744288735806325,0.00017426765833933368,8.096453008667706e-05,2.6536549971285498e-05,2.6611717267354166e-06,0,0,0
5.2931819473572684e-05,7.4294560022381391e-05,0.00010423329348752274,0.00014614646389945235,0.00020473637253094556,0.00028646806217537299,0.00040014951525831543,0.00055762445231045932,0.00077451758976414525,0.0010708669079947384,0.0014712846834553351,0.0020039768634928616,0.0026975301857009096,0.0035740042435204221,0.0046370135236652741,0.0058550653363663163,0.0071444320771390894,0.0083618307931107826,0.0093208003538435419,0.0098388620249746685,0.0098020292568593154,0.0092124414383492528,0.0081879395522966789,0.0069137634255821128,0.0055777952248107204,0.0043235724852987911,0.0032343251251327437,0.0023407470731612186,0.0016384854330870893,0.0011050334352324239,0.00071175355868230102,0.00043077089579571828,0.00023802852999493926,0.0001139009250125865,4.2354619935277471e-05,9.2552182455017187e-06,3.2056644957544417e-07,0,0,0
5.2931558931754584e-05,7.4294046180339504e-05,0.00010423228053046793,0.00014614446824765166,0.00020473244424361512,0.00028646033899638266,0.00040013435684867763,0.00055759477091357681,0.00077445966228734044,0.0010707543700217933,0.0014710674284389329,0.0020035610732904046,0.0026967437652090751,0.0035725402187011825,0.00463434461528839,0.0058503302833784699,0.0071363140069928225,0.008348481130287742,0.0092998932199443649,0.0098078562610265461,0.0097586335058995038,0.0091551476133780174,0.0081164133915368666,0.006828943227241484,0.0054817106421930998,0.0042190242960493864,0.0031245847807936837,0.00222936838652918,0.0015292375874804115,0.0010019026330778072,0.00061891836923801818,0.000352417522606449,0.00017783461159936456,7.4023450036122306e-05,2.1945407424776114e-05,3.1667854070377984e-06,3.5875265269691628e-08,0,0,0
5.2931295669716519e-05,7.4293526974501337e-05,0.00010423125700242235,0.00014614245177763072,0.00020472847499920698,0.00028645253535479443,0.0004001190406813185,0.00055756478107520829,0.00077440113410703643,0.0010706406684891652,0.001470847936525421,0.0020031410272056192,0.0026959493620821247,0.0035710615081229148,0.0046316493830130994,0.0058455496448843978,0.0071281204731797115,0.0083350135892655344,0.009278815154073923,0.0097766254994026691,0.0097149788751462619,0.0090976158912972147,0.0080447723693617672,0.0067442900374826212,0.0053862972989856131,0.0041159422144492067,0.0030174658948644477,0.0021221888931259635,0.0014262191095812784,0.00090743326894007596,0.00053736450967064372,0.00028766406448691367,0.00013241049492900754,4.7850653635309944e-05,1.1268200484549367e-05,1.0639790965616462e-06,3.7283552965967989e-09,0,0,0
5.2931029829821812e-05,7.4293002685667784e-05,0.0001042302234570261,0.00014614041558036827,0.00020472446694588909,0.0002864446554758199,0.00040010357505415286,0.00055753449905715231,0.00077434203699826775,0.0010705258652305015,0.0014706263273637297,0.0020027169549739344,0.0026951474128145787,0.0035695689295092057,0.0046289293305590458,0.0058407261206991964,0.0071198561799352645,0.0083214360752984808,0.0092575788940809801,0.009745189329663775,0.0096710940312902203,0.0090398861097810024,0.0079730689054393223,0.0066598686138118176,0.0052916284905983784,0.0040143969304606911,0.0029130108362699315,0.002019169520216415,0.001329208400834157,0.00082104456225794446,0.00046587639062534359,0.00023430446312501857,9.8270058640358377e-05,3.0774800025703149e-05,5.7360330914522848e-06,3.5125670811583134e-07,3.5933456630072792e-10,0,0,0
5.2930761528210679e-05,7.4292473542920777e-05,0.00010422918034595915,0.0001461383605459564,0.00020472042183636483,0.00028643670280707452,0.00040008796673863086,0.00055750393813153772,0.00077428239689930297,0.0010704100107346698,0.0014704026986867747,0.00200228904434701,0.0026943382743861294,0.0035680631522738071,0.0046261856905468043,0.0058358619278185125,0.0071115249991821261,0.0083077551141999273,0.009236194992969864,0.0097135640479014251,0.009627002920720976,0.0089819916548670008,0.0079013469497965522,0.0065757329225893989,0.0051977640232257682,0.0039144425044384951,0.0028112420159230713,0.0019202492743016022,0.001237966813489585,0.00074216588608109189,0.00040333548215486703,0.00019045085593550655,7.2706419822073947e-05,1.9696204295008786e-05,2.895732756260842e-06,1.1400507533568874e-07,3.2049785639452522e-11,0,0,0
5.293049086261732e-05,7.4291939739040393e-05,0.00010422812804933468,0.0001461362874234819,0.00020471634114575211,0.00028642868025035401,0.0004000722214347049,0.00055747310947184127,0.00077422223565101896,0.001070293147526069,0.0014701771328403184,0.0020018574535963889,0.0026935222479335026,0.0035665447416481102,0.004623419505094037,0.0058309589437888073,0.0071031302172536222,0.0082939762602060405,0.0092146724624253048,0.0096817636211737907,0.0095827261396071745,0.0089239613086496521,0.0078296443610164461,0.0064919290872974033,0.0051047537795140983,0.003816120643345816,0.0027121670661435287,0.0018253516532370432,0.0011522465888389706,0.00067024528292563374,0.00034872220715900375,0.00015449940460623607,5.3632424506925235e-05,1.2546600295839714e-05,1.450155396744688e-06,3.639304809323634e-08,2.637979569158435e-12,0,0,0
5.2930217917194546e-05,7.4291401440020532e-05,0.00010422706689445818,0.00014613419685798577,0.00020471222614434038,0.00028642059030469115,0.00040005634405164853,0.00055744202270285761,0.0007741615720705321,0.0010701753122512004,0.0014699497008132285,0.0020014223192324695,0.0026926995933652521,0.0035650141859284307,0.0046206316755896554,0.0058260187952708991,0.0070946746873540986,0.0082801043481349548,0.0091930191709464083,0.0096498002847820452,0.0095382817836403289,0.0088658203977714598,0.0077579943894892714,0.0064084972372249896,0.0050126399738061357,0.0037194634424377376,0.002615782225001076,0.0017343889141750257,0.001071796113335911,0.00060475446283133423,0.00030111361504749572,0.00012509545051204808,3.9448318708221034e-05,7.955934172263336e-06,7.2057906825554541e-07,1.1430403568675365e-08,1.9966197606405167e-13,0,0,0
5.2929942765689356e-05,7.4290858791331731e-05,0.00010422599716817434,0.00014613208941478923,0.00020470807794547837,0.00028641243516051477,0.00040004033889289015,0.00055741068626269385,0.00077410042265788743,0.0010700565370521367,0.0014697204648904828,0.0020009837610860033,0.0026918705389837047,0.0035634719144169769,0.0046178229954732348,0.0058210429163788038,0.0070861609300225687,0.0082661436596280415,0.0091712421065083469,0.0096176849367113782,0.0094936860100423119,0.0088075915547318247,0.0076864266640959029,0.0063254727442416218,0.0049214586748605807,0.0036244952629359011,0.0025220746975538198,0.001647265094246463,0.00099636357045004538,0.00054519167103529102,0.00025967877170923899,0.00010110035815122785,2.8934354346458481e-05,5.0226733648119384e-06,3.5534327369616327e-07,3.5333207561179686e-09,1.3835781861760226e-14,0,0,0
5.292966547363893e-05,7.4290311922252318e-05,0.00010422491912540529,0.00014612996559631647,0.00020470389753869046,0.00028640421676476529,0.00040002420978383697,0.00055737910765311525,0.00077403880208479453,0.0010699368505164243,0.0014694894804880856,0.0020005418858228528,0.0026910352881408094,0.0035619183098337757,0.0046149941729163148,0.0058160325890561845,0.0070775912026873446,0.0082520980383002356,0.0091493475586262116,0.0095854274113135515,0.0094489534280995449,0.0087492952481335005,0.0076149678819441404,0.0062428870925365781,0.0048312408871231064,0.0035312340849758686,0.0024310243874134554,0.0015638782467212583,0.00092569955675591783,0.00049108318276366598,0.00022367294048388333,8.1561106712600942e-05,2.1164931636030602e-05,3.157241573258359e-06,1.7393687195788239e-07,1.0752092859929142e-09,8.7316533941488974e-16,0,0,0
5.2929386099949607e-05,7.4289760948982584e-05,0.00010422383299529023,0.00014612782585419096,0.0002046996858134899,0.00028639593686771822,0.00040000796016379122,0.00055734729361956597,0.00077397672354608243,0.001069816278360187,0.0014692567974726699,0.0020000967894718263,0.0026901940240254599,0.0035603537172451787,0.0046121458471408685,0.0058109889721327237,0.0070689675497367533,0.008237970972673354,0.009127341249570483,0.0095530366767512861,0.0094040973813347469,0.0086909501667030657,0.0075436423097978563,0.0061607685148868793,0.0047420133498169079,0.0034396925223682882,0.0023426052166297799,0.0014841221525402921,0.00085955898947293334,0.00044198387623420657,0.00019243119162248526,6.5683033306553317e-05,1.5440729496976848e-05,1.976309775524166e-06,8.4524293811038786e-08,3.2217055957105701e-10,4.9863465325259125e-17,0,0,0
5.2929104698068616e-05,7.4289205976955794e-05,0.00010422273898574105,0.00014612567059821133,0.00020469544357704846,0.00028638759705772767,0.00039999159315415474,0.00055731525028475317,0.00077391419902049865,0.0010696948439350442,0.0014690224611407865,0.0019996485593007131,0.0026893469132167071,0.0035587784506914827,0.0046092786005344603,0.0058059131229011053,0.0070602918397133256,0.0082237656578106142,0.0091052284319502394,0.0095205209819827462,0.0093591301578870249,0.0086325735062995866,0.0074724721603206231,0.006079142473231232,0.0046537991469073822,0.0033498786087140307,0.0022567861629660423,0.0014078876634101348,0.00079770250738920038,0.00039747717102621525,0.0001653618340884614,5.2805783315056312e-05,1.1235538326929932e-05,1.232019066144144e-06,4.0783083458778547e-08,9.5069945818388938e-11,2.5565579239052029e-18,0,0,0
5.2928821316876196e-05,7.4288647102597531e-05,0.00010422163728691125,0.00014612350020318571,0.00020469117156765045,0.00028637919878768175,0.00039997511161036245,0.00055728298325036425,0.00077385123946930006,0.0010695725686141202,0.0014687865129646498,0.0019991972752450029,0.0026884941083899659,0.003557192798235246,0.0046063929678799428,0.0058008060135587586,0.0070515657936650695,0.0082094850423193259,0.0090830139631808571,0.0094878879690415766,0.0093140631514693571,0.0085741811900468846,0.0074014778818457293,0.0059980320313577883,0.0045666181853293193,0.0032617964227759106,0.0021735320952721206,0.001335063775709055,0.00073989749709194659,0.00035717452427329338,0.00014193991783379941,4.2382336986990127e-05,8.1549249437779447e-06,7.6494868701941927e-07,1.9540858932677078e-08,2.7633515537988418e-11,1.1655063187242691e-19,0,0,0
5.2928536001379673e-05,7.4288084414694829e-05,0.0001042205280738946,0.00014612131501424926,0.0002046868704651615,0.00028637074339558645,0.00039995851816229135,0.00055725049767621352,0.00077378785499077854,0.0010694494720924169,0.0014685489911724567,0.0019987430110197332,0.0026876357504231935,0.0035555970258907147,0.0046034894435406457,0.005795668544010397,0.007042791007228536,0.008195131864978623,0.0090607023635535886,0.0094551447606815546,0.0092689069872098299,0.0085157880408834978,0.0073306783864956256,0.0059174581504293135,0.0044804875784786148,0.0031754465971159502,0.0020928044597410839,0.0012655385012475917,0.0006859188348097569,0.00032071461882928864,0.0001217009627765617,3.3960885362606735e-05,5.9043071557509635e-06,4.7307919370963979e-07,9.2987356771499524e-09,7.9127312335129752e-12,4.667584908067622e-21,0,0,0
5.2928248793263618e-05,7.4287517995481078e-05,0.00010421941150886445,0.00014611911535107879,0.00020468254089932476,0.00028636223212087994,0.00039994181524628726,0.00055721779834297044,0.00077372405494273585,0.0010693255726248875,0.0014683099312083675,0.0019982858350008322,0.0026867719700665415,0.0035539913807391826,0.0046005684871578871,0.0057905015520220366,0.0070339689681490408,0.008180708683812446,0.0090382978623590616,0.0094222980300625574,0.0092236716218701501,0.0084574079193471541,0.0072600912331653332,0.0058374399278304928,0.0043954219597202582,0.0030908267395931949,0.0020145618528892187,0.0011991995805633554,0.00063554940811380502,0.00028776233972297962,0.00010423501046776363,2.7169284985858087e-05,4.2644396196605062e-06,2.9144301621751182e-07,4.3950944776665993e-09,2.2323802901152809e-12,1.6167240094857291e-22,0,0,0
5.2927959731332814e-05,7.428694792150976e-05,0.0001042182877427958,0.00014611690151128601,0.00020467818345644195,0.00028635366611756881,0.00039992500513095299,0.00055718488970267206,0.00077365984804110804,0.0010692008872181555,0.0014680693661029344,0.0019978258109349121,0.0026859028892871322,0.0035523760934384431,0.0045976305282410838,0.0057853058214032459,0.0070251010704030972,0.0081662178995349222,0.0090158044351080352,0.0093893540570444273,0.0091783664249392855,0.0083990538353753211,0.0071897327767018121,0.0057579947934242913,0.004311433742989884,0.0030079317882525177,0.0019387605063785065,0.0011359350714043232,0.00058858046467909284,0.00025800760957868721,8.9181053911535825e-05,2.1701808215988392e-05,3.0726898437772327e-06,1.7886322205555278e-07,2.0635755720207984e-09,6.2059574573489295e-13,4.7448620632194434e-24,0,0,0
5.2927668851873873e-05,7.4286374264367626e-05,0.00010421715691687165,0.0001461146737731884,0.00020467379868482739,0.00028634504646495317,0.00039990808993820427,0.00055715177591996368,0.00077359524244049018,0.0010690754317870511,0.0014678273267755698,0.0019973629985188695,0.0026850286223672483,0.0035507513802723084,0.0045946759699171469,0.0057800820886921888,0.0070161886257403367,0.0081516617747205075,0.0089932258339857699,0.0093563187742958832,0.009133000245169106,0.0083407380403002166,0.0071196182912637903,0.0056791386731644012,0.0042285333425875447,0.0029267543142319935,0.0018653547017759404,0.0010756338364205443,0.00054481182372986706,0.00023116413567392043,7.6221873309704311e-05,1.7307911532161443e-05,2.208806064670512e-06,1.0936123366160168e-07,9.6254500541218713e-10,1.7001596535176964e-13,1.1470179040447123e-25,0,0,0
5.2927376188954116e-05,7.4285797091264234e-05,0.00010421601916364507,0.0001461124323980985,0.00020466938709931545,0.00028633637417649018,0.00039989107166066952,0.00055711846090618236,0.00077353024580068463,0.0010689492212839849,0.0014675838422845337,0.0019968974538789506,0.0026841492768121008,0.0035491174448449457,0.0045917051920305796,0.0057748310486841837,0.0070072328732316749,0.0081370424496698766,0.0089705656130745284,0.0093231978055234397,0.0090875814658364987,0.0082824721034862273,0.0070497620736188387,0.0056008861272509956,0.0041467293609349096,0.0028472847833560543,0.0017942971286012284,0.001018185948181076,0.00050405197767020417,0.00020696810828021563,6.5079286459718296e-05,1.378276019761876e-05,1.5841481303529096e-06,6.6620261910944274e-08,4.4607523708123636e-10,4.5903640815665704e-14,2.1915094112805709e-27,0,0,0
5.2927081774671253e-05,7.4285216465524241e-05,0.00010421487460800978,0.0001461101776322369,0.00020466494918502598,0.00028632765020719799,0.00039987395217622618,0.00055708494834782877,0.00077346486534229627,0.0010688222698070279,0.0014673389400357848,0.0019964292299710033,0.0026832649541083222,0.003547474479496722,0.0045887185537344171,0.0057695533590532448,0.0069982349872534872,0.0081223619556830846,0.0089478271494690398,0.0092899964975106542,0.0090421180511423855,0.0082242669768773542,0.0069801775306128858,0.0055232504681287011,0.0040660287507845927,0.0027695117843546287,0.0017255391957271596,0.00096348302548593682,0.00046611810553475884,0.00018517688028026641,5.5509809485098831e-05,1.0959269094818702e-05,1.1335731715543901e-06,4.0436536815397019e-08,2.0540785923254482e-10,1.2215538922098319e-14,3.0986226360489848e-29,0,0,0
5.2926785639363882e-05,7.4284632447002777e-05,0.00010421372336801902,0.00014610790970834498,0.00020466048540053987,0.00028631887545990046,0.00039985673326025983,0.00055705124173058122,0.00077339910789362299,0.0010686945906910746,0.0014670926459591492,0.0019959583769181099,0.00268237575036383,0.003545822666498753,0.0045857163956765108,0.0057642496442526685,0.0069891960842283539,0.0081076222262707505,0.0089250136611242446,0.009256719947229668,0.0089966175855485022,0.0081661330498984594,0.0069108772539841386,0.0054462438623039035,0.0039864369567685423,0.0026934222297271943,0.0016590313038651542,0.00091141851195794641,0.00043083601554946209,0.00016556765075815467,4.7300714763777338e-05,8.701443352207894e-06,8.0934598819099151e-07,2.4456200568901591e-08,9.3989897211233341e-11,3.2041554141281782e-15,2.871673506823554e-31,0,0,0
5.2926487811790644e-05,7.4284045092438622e-05,0.00010421256555558195,0.00014610562884705746,0.00020465599618060094,0.00028631005079053976,0.00039983941659609419,0.00055701734435972534,0.00077333297993054833,0.0010685661965853994,0.0014668449846582006,0.0019954849422978583,0.0026814817568522943,0.0035441621790694511,0.0045826990418603259,0.0057589204988356081,0.0069801172283652521,0.0080928251067055625,0.0089021282220718024,0.0092233730249824467,0.0089510873074190277,0.0081080801965672192,0.006841873084935144,0.0053698774190141839,0.003907958040025146,0.0026190015338892593,0.0015947230851799854,0.0008618879057035641,0.00039804003079977647,0.00014793616965737687,4.026646714282507e-05,6.8988266045539742e-06,5.7658625082779398e-07,1.4739167338620495e-08,4.273973670375284e-11,8.2846380371338498e-16,1.2883120080350766e-33,0,0,0
5.2926188319283773e-05,7.4283454455757145e-05,0.00010421140127706074,0.0001461033352580787,0.00020465148193843174,0.00028630117701273063,0.00039982200378393305,0.00055698325937766989,0.00077326648761074507,0.0010684370995201577,0.0014665959795387776,0.001995008971388676,0.0026805830604800462,0.003542493182246362,0.0045796668012410774,0.0057535664903039727,0.0069709994365858849,0.0080779723622233738,0.0088791737754947454,0.0091899603943083122,0.0089055341380197099,0.0080501178162480196,0.006773176170325918,0.0052941612680956493,0.0038305947888079687,0.0025462337722273504,0.0015325636148321501,0.00081478894718430082,0.00036757282945935334,0.00013209547624731276,3.4245515947235017e-05,5.4618881634090488e-06,4.0987698778424546e-07,8.852098771173805e-09,1.9315177124349094e-11,2.1116049119191896e-16,0,0,0,0
5.2925887187881705e-05,7.4282860588331803e-05,0.00010421023063378621,0.00014610102914119869,0.00020464694306773353,0.00028629225490169351,0.00039980449634858069,0.00055694898977907102,0.00077319963680320839,0.0010683073109638067,0.0014663456529199607,0.0019945305073825526,0.0026796797441893182,0.0035408158336391921,0.004576619969104535,0.0057481881615699462,0.0069618436827825194,0.0080630656851147665,0.0088561531450416734,0.0091564865292319293,0.0088599647066954865,0.0079922548691651711,0.0067047970119446174,0.0052191046288859151,0.0037543488173588145,0.0024751018239357993,0.001472501598312044,0.00077002177118168748,0.00033928524902979081,0.00011787468072389827,2.9097418302739644e-05,4.3182023207296888e-06,2.9074690857268399e-07,5.2981995102094267e-09,8.675805353970255e-12,5.3057639670746547e-17,0,0,0,0
5.2925584442444289e-05,7.4282263539211387e-05,0.00010420905372250576,0.00014609871068717574,0.00020464237994442447,0.00028628328519767155,0.00039978689574615218,0.00055691453842397602,0.00077313243311392282,0.0010681768418730102,0.0014660940261305223,0.001994049591569934,0.0026787718873087355,0.0035391302840844046,0.0045735588282658102,0.0057427860330965773,0.0069526509015218202,0.0080481067008968555,0.0088330690446809367,0.0091229557293044852,0.008814385372874432,0.0079344999075578859,0.0066367455100076241,0.0051447158716193082,0.0036792206548611718,0.002405587500940116,0.0014144855377185986,0.00072748902776127245,0.00031303606244218694,0.00010511779557508403,2.470026845832035e-05,3.4092930947103077e-06,2.0580765169563369e-07,3.1603678321768188e-09,3.8733951255196831e-12,1.3142966343478725e-17,0,0,0,0
