1.5370736879008581e-06,2.5575346465691995e-06,4.2536492963943967e-06,7.070239687479276e-06,1.1741439325196117e-05,1.9473847837936716e-05,3.2238411981344722e-05,5.3224872143808308e-05,8.7522502113525732e-05,0.00014307178174552797,0.00023181860585931731,0.00037063887406749992,0.00058065748300208824,0.00088152517931773143,0.0012737219520553744,0.0016991324453489456,0.0019784500406812441,0.0017667066127061125,0.00064855704434332319,0,0,0,0,0,0,0,0,0,0,0,0,0,0,0,0,0,0,0,0,0
1.5322944823514886e-06,2.5463632349884075e-06,4.2275494091383787e-06,7.0093067341817699e-06,1.1599333677499753e-05,1.9142932847443687e-05,3.146950037314535e-05,5.1443872753177672e-05,8.3416245334744723e-05,0.00013366848808687404,0.0002105007032371608,0.00032303135438133422,0.00047672888419882743,0.00066240098978134028,0.00083604834608074494,0.0008972376881491896,0.00070742864147799493,0.00024050584470256616,0,0,0,0,0,0,0,0,0,0,0,0,0,0,0,0,0,0,0,0,0,0
1.5271569226645155e-06,2.5343695202326785e-06,4.199578734518793e-06,6.9441713379789067e-06,1.1447967749215432e-05,1.8792219895666758e-05,3.066034080162523e-05,4.9588324482935388e-05,7.9198373590603003e-05,0.00012420243648822695,0.0001896500413060771,0.00027835906856302336,0.00038492223543772162,0.00048540159734487099,0.00052761844282673057,0.00044340997848562648,0.00022151049019828649,1.9091428982356996e-05,0,0,0,0,0,0,0,0,0,0,0,0,0,0,0,0,0,0,0,0,0,0
1.5218511649713677e-06,2.5220001092816444e-06,4.1707874564363636e-06,6.8773066671412207e-06,1.1293175791274727e-05,1.8435495220828177e-05,2.984354302889138e-05,4.7735282286731862e-05,7.5049885642510683e-05,0.00011509177969668963,0.00017019521442934382,0.00023850186999717626,0.000308196072970141,0.00035121026816957885,0.00032636378981441735,0.00021171638644626846,6.451645411543104e-05,9.853895635127665e-07,0,0,0,0,0,0,0,0,0,0,0,0,0,0,0,0,0,0,0,0,0,0
1.5164559733918606e-06,2.5094400077617185e-06,4.1416105349245167e-06,6.8097361928505729e-06,1.113736666111249e-05,1.8078420585249921e-05,2.9032346135309443e-05,4.5915294207714211e-05,7.1039136395359154e-05,0.00010647914636565745,0.00015238570063797214,0.00020367094718947381,0.00024555089661759379,0.00025222591403510782,0.00019949767141146029,9.9032533175528396e-05,1.7973170463247049e-05,3.504481642821813e-08,0,0,0,0,0,0,0,0,0,0,0,0,0,0,0,0,0,0,0,0,0,0
1.5110111158105275e-06,2.4967825749493529e-06,4.1122671876530464e-06,6.7419743266727545e-06,1.0981744185007971e-05,1.7723792810904264e-05,2.8233139304291517e-05,4.4142420187299578e-05,6.7194537874983642e-05,9.8410234495828965e-05,0.0001362391057141543,0.00017355497681727596,0.00019502147273092255,0.00018027133552322389,0.00012101936968697279,4.5709713937137923e-05,4.8618379059798896e-06,8.8849960499544366e-10,0,0,0,0,0,0,0,0,0,0,0,0,0,0,0,0,0,0,0,0,0,0
1.5055390272361295e-06,2.484080419719656e-06,4.0828806522407954e-06,6.6743088527835081e-06,1.0826975284411239e-05,1.7373131269455715e-05,2.7449257251312155e-05,4.2423385971480258e-05,6.3526904803885977e-05,9.0889223217457583e-05,0.00012168096777884651,0.00014767602865521702,0.00015455537379719395,0.00012842097899510487,7.3029022965513953e-05,2.0904932373245696e-05,1.2884257191168146e-06,1.635866364935038e-11,0,0,0,0,0,0,0,0,0,0,0,0,0,0,0,0,0,0,0,0,0,0
1.5000533551721886e-06,2.4713654863429468e-06,4.053525480515685e-06,6.6069125627676192e-06,1.0673454399950345e-05,1.702730728451397e-05,2.6682488677380398e-05,4.0761232494877623e-05,6.0038391671506267e-05,8.3900951393835424e-05,0.00010860014540063138,0.0001255241991225081,0.00012229588386562055,9.1268321075579732e-05,4.3903493611783476e-05,9.4975350618424574e-06,3.3637744478043826e-07,2.2003820231654888e-13,0,0,0,0,0,0,0,0,0,0,0,0,0,0,0,0,0,0,0,0,0,0
1.494562902499224e-06,2.458658324060345e-06,4.0242493710226903e-06,6.5398948105972746e-06,1.0521425676469716e-05,1.6686835189148481e-05,2.5933774483686663e-05,3.9157006328988309e-05,5.6726628618772858e-05,7.7421102512952367e-05,9.6873503526797805e-05,0.00010661190132438291,9.6657925285838407e-05,6.4750021732512113e-05,2.6319712292722207e-05,4.2935907411501985e-06,8.6837260830330386e-08,2.14890888407175e-15,0,0,0,0,0,0,0,0,0,0,0,0,0,0,0,0,0,0,0,0,0,0
1.4890736149148617e-06,2.445972760489022e-06,3.9950841795723346e-06,6.473327523852794e-06,1.0371044645528058e-05,1.6352019370450565e-05,2.5203560786669819e-05,3.7610614401729899e-05,5.3586805488553954e-05,7.142125767322925e-05,8.6377511978202648e-05,9.0494786866327471e-05,7.6326901998947011e-05,4.5874657058138226e-05,1.5744334243588282e-05,1.93362935296393e-06,2.2222959264395902e-08,1.4921192874859185e-17,0,0,0,0,0,0,0,0,0,0,0,0,0,0,0,0,0,0,0,0,0,0
1.4835896580396435e-06,2.4333184349833309e-06,3.9660518897593425e-06,6.4072593146998195e-06,1.0222411707738768e-05,1.6023034143681059e-05,2.4491990766727418e-05,3.6121288010667495e-05,5.0612795273633063e-05,6.5871546922030336e-05,7.6993782625249925e-05,7.677797235235857e-05,6.0230232338321899e-05,3.2467123365890954e-05,9.4021699992042439e-06,8.6819867202924652e-07,5.6480938682542835e-09,7.0531121088812442e-20,0,0,0,0,0,0,0,0,0,0,0,0,0,0,0,0,0,0,0,0,0,0
1.4781140381749218e-06,2.4207022589653388e-06,3.9371680556054922e-06,6.3417236195882195e-06,1.0075591456160184e-05,1.5699969871507633e-05,2.3799015428551673e-05,3.4687849959391262e-05,4.7797792954639216e-05,6.0742092203448844e-05,6.8611617515958545e-05,6.5115637092379614e-05,4.7501565959614126e-05,2.2958513890524077e-05,5.6070930225347806e-06,3.8887844862646107e-07,1.4275260677122192e-09,2.080244540475015e-22,0,0,0,0,0,0,0,0,0,0,0,0,0,0,0,0,0,0,0,0,0,0
1.4726489784788988e-06,2.4081293010434428e-06,3.9084438887155663e-06,6.2767436357644375e-06,9.9306244000264239e-06,1.5382860951155145e-05,2.3124460756689971e-05,3.3308875701653966e-05,4.5134693443234073e-05,5.6003804182130446e-05,6.1129013945573853e-05,5.5207698229673774e-05,3.7445736215502486e-05,1.6223350898343595e-05,3.3401174988540546e-06,1.7383957720094615e-07,3.591555971336944e-10,3.1180123905830362e-25,0,0,0,0,0,0,0,0,0,0,0,0,0,0,0,0,0,0,0,0,0,0
1.4671961565355939e-06,2.3956033460969637e-06,3.8798875769488062e-06,6.2123354411361791e-06,9.7875343763356885e-06,1.5071703506270835e-05,2.2468070091697917e-05,3.1982794215240821e-05,4.2616321420152463e-05,5.1628816852589443e-05,5.4452852320370511e-05,4.6795343549895151e-05,2.9507463131798496e-05,1.1457396436365422e-05,1.9878464873479294e-06,7.7583534582453503e-08,9.0018331511311307e-11,9.2701165575331041e-29,0,0,0,0,0,0,0,0,0,0,0,0,0,0,0,0,0,0,0,0,0,0
1.4617568597038588e-06,2.383127260931773e-06,3.8515051470654575e-06,6.1485100357888373e-06,9.6463334006606632e-06,1.4766466961271338e-05,2.1829531772382883e-05,3.0707953036227663e-05,4.0235573425864948e-05,4.7590711812532382e-05,4.8498650159541278e-05,3.9656295274555391e-05,2.3244641468931097e-05,8.0876091761887703e-06,1.1821306064050308e-06,3.4577242905956758e-08,2.2489997186272298e-11,0,0,0,0,0,0,0,0,0,0,0,0,0,0,0,0,0,0,0,0,0,0,0
1.4563320897923131e-06,2.3707032407031292e-06,3.8233010462118557e-06,6.0852747184455122e-06,9.5070249379613544e-06,1.4467101839085502e-05,2.1208497677461109e-05,2.948266116868953e-05,3.7985506118301691e-05,4.3864617323881214e-05,4.3190092428266841e-05,3.3600229425813657e-05,1.8306115397909311e-05,5.7065683902563973e-06,7.0252298299538461e-07,1.5392214537919005e-08,5.6035679923416535e-12,0,0,0,0,0,0,0,0,0,0,0,0,0,0,0,0,0,0,0,0,0,0,0
1.4509226354556319e-06,2.3583329793774445e-06,3.7952785442439213e-06,6.0226340390107532e-06,9.3696061658607679e-06,1.4173545149366339e-05,2.0604595958944806e-05,2.8305217893053492e-05,3.5859390543975811e-05,4.0427231718038127e-05,3.8458456468119735e-05,2.8464545807496846e-05,1.4413473488349867e-05,4.0250943965862326e-06,4.1726209565194246e-07,6.8450103514442129e-09,1.3929099434984003e-12,0,0,0,0,0,0,0,0,0,0,0,0,0,0,0,0,0,0,0,0,0,0,0
1.4455291234267914e-06,2.3460177903813321e-06,3.7674400185372605e-06,5.9605904729802478e-06,9.2340695765980349e-06,1.3885724194406869e-05,2.0017439960997692e-05,2.717393233585586e-05,3.3850744447120027e-05,3.7256800913547408e-05,3.4241999034229102e-05,2.4110564120225855e-05,1.1346288729388469e-05,2.8382066913339233e-06,2.4771018748796507e-07,3.0413623351564055e-09,3.4554142887879037e-13,0,0,0,0,0,0,0,0,0,0,0,0,0,0,0,0,0,0,0,0,0,0,0
1.4401520555138056e-06,2.3337586937402644e-06,3.7397871597260117e-06,5.8991449086470195e-06,9.100404133691609e-06,1.3603559309227927e-05,1.9446634569942406e-05,2.6087136841271058e-05,3.1953350125666677e-05,3.4333068391750858e-05,3.0485344024767126e-05,2.0420159483976777e-05,8.9302353929721458e-06,2.000764225520648e-06,1.4699164010041365e-07,1.3503042302374972e-09,8.5567250919953316e-14,0,0,0,0,0,0,0,0,0,0,0,0,0,0,0,0,0,0,0,0,0,0,0
1.4347918358018066e-06,2.3215564801572259e-06,3.7123211230179542e-06,5.8382970054207514e-06,8.9685961219146819e-06,1.3326965867375042e-05,1.8891780795630173e-05,2.5043196098414685e-05,3.0161262647939244e-05,3.1637209168370838e-05,2.713889259044146e-05,1.7292819030020681e-05,7.0275696952718206e-06,1.4100869625495175e-06,8.7192254766260467e-08,5.9910739696950276e-10,2.115623238406733e-14,0,0,0,0,0,0,0,0,0,0,0,0,0,0,0,0,0,0,0,0,0,0,0
1.4294487909784497e-06,2.30941175889897e-06,3.6850426412862839e-06,5.7780454616009818e-06,8.8386297817424107e-06,1.3055855770593992e-05,1.8352479111093867e-05,2.4040513311280841e-05,2.8468811587455636e-05,2.9151755127093256e-05,2.4158267256946386e-05,1.4643086275749845e-05,5.529531939351152e-06,9.9358682615479439e-07,5.1703350515934791e-08,2.6565684572737279e-10,5.2236058052296032e-15,0,0,0,0,0,0,0,0,0,0,0,0,0,0,0,0,0,0,0,0,0,0,0
1.4241231857431024e-06,2.2973249941044847e-06,3.6579521108256836e-06,5.7183882173779835e-06,8.7104877895736441e-06,1.2790138569173332e-05,1.7828331905205281e-05,2.3077534277400014e-05,2.6870598387937859e-05,2.6860516462229683e-05,2.1503795642588876e-05,1.2398354165247838e-05,4.3502989810935795e-06,6.9998013039401738e-07,3.0650038984559452e-08,1.1773595224102599e-10,1.2881600499614064e-15,0,0,0,0,0,0,0,0,0,0,0,0,0,0,0,0,0,0,0,0,0,0,0
1.4188152346435029e-06,2.2852965326788872e-06,3.6310496572372515e-06,5.6593226107362959e-06,8.584151625781947e-06,1.2529722313702235e-05,1.7318945291913091e-05,2.2152749969484641e-05,2.5361490795329342e-05,2.4748502299156405e-05,1.91400357009532e-05,1.0496966773773893e-05,3.4221808689608141e-06,4.9305354915256201e-07,1.8164716151858928e-08,5.2154671282655568e-11,3.1731671056414308e-16,0,0,0,0,0,0,0,0,0,0,0,0,0,0,0,0,0,0,0,0,0,0,0
1.4135251112775848e-06,2.2733266259804646e-06,3.6043351866529598e-06,5.6008454986021111e-06,8.4596018599700903e-06,1.2274514208646352e-05,1.682393044633222e-05,2.126469803491351e-05,2.3936615348146166e-05,2.2801842466869701e-05,1.7035342230419065e-05,8.8865913898538386e-06,2.6918120184021598e-06,3.4724681321386144e-07,1.0762747931939312e-08,2.3093734096126631e-11,7.8088685014672683e-17,0,0,0,0,0,0,0,0,0,0,0,0,0,0,0,0,0,0,0,0,0,0,0
1.4082529555256126e-06,2.2614154468670886e-06,3.5778084259968886e-06,5.5429533519933392e-06,8.3368183742829398e-06,1.2024421117747978e-05,1.6342904588652635e-05,2.0411963507160228e-05,2.2591348618087561e-05,2.10077116733076e-05,1.5161473111482685e-05,7.5228256731547542e-06,2.1171349918348289e-06,2.445257285157205e-07,6.3756550610537729e-09,1.0221859663605029e-11,1.9199817874102975e-17,0,0,0,0,0,0,0,0,0,0,0,0,0,0,0,0,0,0,0,0,0,0,0
